[{"cdr_id":"8630179","calldate":"2021-02-16 03:18:06","clid":"\"0646265194\" <0646265194>","source":"0646265194","src":"0646265194","dst":"7010","destination":"7010","dcontext":"cos-cyber","channel":"SIP\/Systemstone_020268944-0003df92","dstchannel":"","lastapp":"Playback","lastdata":"silence\/1&cannot-complete-as-dialed&check-number-dial-again,noanswer","duration":"5","billsec":"0","disposition":"FAILED","amaflags":"3","accountcode":"","auth_code":null,"customer_code":null,"pin_code":null,"userfield":"","uniqueid":"1613445486.773475","linkedid":"1613445486.773475","sequence":"1049987","peeraccount":"","calltype":"2","recfile":"","tenant":"ombutel","recfile_cloud":null,"charge":"0.00000","chargebuy":"0.00000","cleartext":null,"unit":"0.00000","chargeunit":null}, {"cdr_id":"8630307","calldate":"2021-02-16 03:20:26","clid":"\"0646265194\" <0646265194>","source":"0646265194","src":"0646265194","dst":"7010","destination":"7010","dcontext":"cos-cyber","channel":"SIP\/Systemstone_020268944-0003dfc4","dstchannel":"SIP\/7010-0003dfc5","lastapp":"Dial","lastdata":"SIP\/7010,30,Ttrb(init-called^s^1(7010))B(update-caller^s^1(7010))U(update-calle","duration":"1","billsec":"0","disposition":"BUSY","amaflags":"3","accountcode":"","auth_code":null,"customer_code":null,"pin_code":null,"userfield":"","uniqueid":"1613445626.773647","linkedid":"1613445626.773647","sequence":"1050228","peeraccount":"","calltype":"2","recfile":"","tenant":"ombutel","recfile_cloud":null,"charge":"0.00000","chargebuy":"0.00000","cleartext":null,"unit":"0.00000","chargeunit":null}, {"cdr_id":"8630379","calldate":"2021-02-16 03:21:10","clid":"\"0845583464\" <0845583464>","source":"0845583464","src":"0845583464","dst":"7010","destination":"7010","dcontext":"cos-cyber","channel":"SIP\/Systemstone_020268944-0003dfce","dstchannel":"SIP\/7010-0003dfcf","lastapp":"Dial","lastdata":"SIP\/7010,30,Ttrb(init-called^s^1(7010))B(update-caller^s^1(7010))U(update-calle","duration":"8","billsec":"0","disposition":"NO ANSWER","amaflags":"3","accountcode":"","auth_code":null,"customer_code":null,"pin_code":null,"userfield":"","uniqueid":"1613445670.773659","linkedid":"1613445670.773659","sequence":"1050242","peeraccount":"","calltype":"2","recfile":"","tenant":"ombutel","recfile_cloud":null,"charge":"0.00000","chargebuy":"0.00000","cleartext":null,"unit":"0.00000","chargeunit":null}, {"cdr_id":"8630587","calldate":"2021-02-16 03:33:44","clid":"\"0646265194\" <0646265194>","source":"0646265194","src":"0646265194","dst":"7010","destination":"7010","dcontext":"cos-cyber","channel":"SIP\/Systemstone_020268944-0003e0c2","dstchannel":"SIP\/7010-0003e0c4","lastapp":"Dial","lastdata":"SIP\/7010,30,Ttrb(init-called^s^1(7010))B(update-caller^s^1(7010))U(update-calle","duration":"0","billsec":"0","disposition":"BUSY","amaflags":"3","accountcode":"","auth_code":null,"customer_code":null,"pin_code":null,"userfield":"","uniqueid":"1613446424.774081","linkedid":"1613446424.774081","sequence":"1050743","peeraccount":"","calltype":"2","recfile":"","tenant":"ombutel","recfile_cloud":null,"charge":"0.00000","chargebuy":"0.00000","cleartext":null,"unit":"0.00000","chargeunit":null}, {"cdr_id":"8633510","calldate":"2021-02-16 05:13:48","clid":"\"0858038905\" <0858038905>","source":"0858038905","src":"0858038905","dst":"7010","destination":"7010","dcontext":"cos-cyber","channel":"SIP\/Systemstone_020268944-0003e850","dstchannel":"SIP\/7010-0003e851","lastapp":"Dial","lastdata":"SIP\/7010,30,Ttrb(init-called^s^1(7010))B(update-caller^s^1(7010))U(update-calle","duration":"56","billsec":"52","disposition":"ANSWERED","amaflags":"3","accountcode":"","auth_code":null,"customer_code":null,"pin_code":null,"userfield":"","uniqueid":"1613452428.779027","linkedid":"1613452428.779027","sequence":"1057301","peeraccount":"","calltype":"2","recfile":"","tenant":"ombutel","recfile_cloud":null,"charge":"0.00000","chargebuy":"0.00000","cleartext":null,"unit":"0.00000","chargeunit":null}, {"cdr_id":"8639077","calldate":"2021-02-16 07:56:41","clid":"\"020810847\" <020810847>","source":"020810847","src":"020810847","dst":"7010","destination":"7010","dcontext":"cos-cyber","channel":"SIP\/Systemstone_020268944-0003f2da","dstchannel":"SIP\/7010-0003f2db","lastapp":"Dial","lastdata":"SIP\/7010,30,Ttrb(init-called^s^1(7010))B(update-caller^s^1(7010))U(update-calle","duration":"124","billsec":"112","disposition":"ANSWERED","amaflags":"3","accountcode":"","auth_code":null,"customer_code":null,"pin_code":null,"userfield":"","uniqueid":"1613462201.789379","linkedid":"1613462201.789379","sequence":"1071607","peeraccount":"","calltype":"2","recfile":"","tenant":"ombutel","recfile_cloud":null,"charge":"0.00000","chargebuy":"0.00000","cleartext":null,"unit":"0.00000","chargeunit":null}, {"cdr_id":"8686652","calldate":"2021-02-19 00:57:42","clid":"\"0845583464\" <0845583464>","source":"0845583464","src":"0845583464","dst":"7010","destination":"7010","dcontext":"cos-cyber","channel":"SIP\/Systemstone_020268944-00045d45","dstchannel":"SIP\/7010-00045d46","lastapp":"Dial","lastdata":"SIP\/7010,30,Ttrb(init-called^s^1(7010))B(update-caller^s^1(7010))U(update-calle","duration":"4","billsec":"0","disposition":"NO ANSWER","amaflags":"3","accountcode":"","auth_code":null,"customer_code":null,"pin_code":null,"userfield":"","uniqueid":"1613696262.874940","linkedid":"1613696262.874940","sequence":"1186915","peeraccount":"","calltype":"2","recfile":"","tenant":"ombutel","recfile_cloud":null,"charge":"0.00000","chargebuy":"0.00000","cleartext":null,"unit":"0.00000","chargeunit":null}, {"cdr_id":"8917050","calldate":"2021-03-08 01:28:06","clid":"\"0845583464\" <0845583464>","source":"0845583464","src":"0845583464","dst":"7010","destination":"7010","dcontext":"cos-cyber","channel":"SIP\/Systemstone_020268944-0006b292","dstchannel":"SIP\/7010-0006b293","lastapp":"Dial","lastdata":"SIP\/7010,30,Ttrb(init-called^s^1(7010))B(update-caller^s^1(7010))U(update-calle","duration":"3","billsec":"0","disposition":"BUSY","amaflags":"3","accountcode":"","auth_code":null,"customer_code":null,"pin_code":null,"userfield":"","uniqueid":"1615166886.1282741","linkedid":"1615166886.1282741","sequence":"1726454","peeraccount":"","calltype":"2","recfile":"","tenant":"ombutel","recfile_cloud":null,"charge":"0.00000","chargebuy":"0.00000","cleartext":null,"unit":"0.00000","chargeunit":null}, {"cdr_id":"10176824","calldate":"2021-06-09 05:31:47","clid":"\"0807375328\" <0807375328>","source":"0807375328","src":"0807375328","dst":"7010","destination":"7010","dcontext":"cos-cyber","channel":"SIP\/Systemstone_020268944-0007bda9","dstchannel":"SIP\/7010-0007bdaa","lastapp":"Dial","lastdata":"SIP\/7010,30,Ttrb(init-called^s^1(7010))B(update-caller^s^1(7010))U(update-calle","duration":"11","billsec":"0","disposition":"BUSY","amaflags":"3","accountcode":"","auth_code":null,"customer_code":null,"pin_code":null,"userfield":"","uniqueid":"1623216707.1282269","linkedid":"1623216707.1282269","sequence":"1688130","peeraccount":"","calltype":"2","recfile":"","tenant":"ombutel","recfile_cloud":null,"charge":"0.00000","chargebuy":"0.00000","cleartext":null,"unit":"0.00000","chargeunit":null}, {"cdr_id":"10240912","calldate":"2021-06-15 08:56:38","clid":"\"022992950\" <022992950>","source":"022992950","src":"022992950","dst":"7010","destination":"7010","dcontext":"cos-cyber","channel":"SIP\/Systemstone_020268944-0008737a","dstchannel":"SIP\/7010-0008737b","lastapp":"Dial","lastdata":"SIP\/7010,30,Ttrb(init-called^s^1(7010))B(update-caller^s^1(7010))U(update-calle","duration":"67","billsec":"56","disposition":"ANSWERED","amaflags":"3","accountcode":"","auth_code":null,"customer_code":null,"pin_code":null,"userfield":"","uniqueid":"1623747398.1394022","linkedid":"1623747398.1394022","sequence":"1835004","peeraccount":"","calltype":"2","recfile":"","tenant":"ombutel","recfile_cloud":null,"charge":"0.00000","chargebuy":"0.00000","cleartext":null,"unit":"0.00000","chargeunit":null}, {"cdr_id":"10249254","calldate":"2021-06-16 04:45:13","clid":"\"0659460488\" <0659460488>","source":"0659460488","src":"0659460488","dst":"7010","destination":"7010","dcontext":"cos-cyber","channel":"SIP\/Systemstone_020268944-00088a38","dstchannel":"SIP\/7010-00088a39","lastapp":"Dial","lastdata":"SIP\/7010,30,Ttrb(init-called^s^1(7010))B(update-caller^s^1(7010))U(update-calle","duration":"2","billsec":"0","disposition":"NO ANSWER","amaflags":"3","accountcode":"","auth_code":null,"customer_code":null,"pin_code":null,"userfield":"","uniqueid":"1623818713.1408482","linkedid":"1623818713.1408482","sequence":"1854313","peeraccount":"","calltype":"2","recfile":"","tenant":"ombutel","recfile_cloud":null,"charge":"0.00000","chargebuy":"0.00000","cleartext":null,"unit":"0.00000","chargeunit":null}, {"cdr_id":"10448271","calldate":"2021-07-05 02:36:55","clid":"\"0807375328\" <0807375328>","source":"0807375328","src":"0807375328","dst":"7010","destination":"7010","dcontext":"cos-cyber","channel":"SIP\/Systemstone_020268944-000ac0b2","dstchannel":"SIP\/7010-000ac0b3","lastapp":"Dial","lastdata":"SIP\/7010,30,Ttrb(init-called^s^1(7010))B(update-caller^s^1(7010))U(update-calle","duration":"5","billsec":"0","disposition":"NO ANSWER","amaflags":"3","accountcode":"","auth_code":null,"customer_code":null,"pin_code":null,"userfield":"","uniqueid":"1625452615.1774394","linkedid":"1625452615.1774394","sequence":"2335876","peeraccount":"","calltype":"2","recfile":"","tenant":"ombutel","recfile_cloud":null,"charge":"0.00000","chargebuy":"0.00000","cleartext":null,"unit":"0.00000","chargeunit":null}, {"cdr_id":"10475090","calldate":"2021-07-07 04:41:12","clid":"\"0982793013\" <0982793013>","source":"0982793013","src":"0982793013","dst":"7010","destination":"7010","dcontext":"cos-cyber","channel":"SIP\/Systemstone_020268944-000b0d3c","dstchannel":"SIP\/7010-000b0d3d","lastapp":"Dial","lastdata":"SIP\/7010,30,Ttrb(init-called^s^1(7010))B(update-caller^s^1(7010))U(update-calle","duration":"30","billsec":"0","disposition":"NO ANSWER","amaflags":"3","accountcode":"","auth_code":null,"customer_code":null,"pin_code":null,"userfield":"","uniqueid":"1625632872.1823454","linkedid":"1625632872.1823454","sequence":"2400376","peeraccount":"","calltype":"2","recfile":"","tenant":"ombutel","recfile_cloud":null,"charge":"0.00000","chargebuy":"0.00000","cleartext":null,"unit":"0.00000","chargeunit":null}, {"cdr_id":"10476236","calldate":"2021-07-07 06:09:40","clid":"\"0634129192\" <0634129192>","source":"0634129192","src":"0634129192","dst":"7010","destination":"7010","dcontext":"cos-cyber","channel":"SIP\/Systemstone_020268944-000b10b8","dstchannel":"SIP\/7010-000b10b9","lastapp":"Dial","lastdata":"SIP\/7010,30,Ttrb(init-called^s^1(7010))B(update-caller^s^1(7010))U(update-calle","duration":"17","billsec":"12","disposition":"ANSWERED","amaflags":"3","accountcode":"","auth_code":null,"customer_code":null,"pin_code":null,"userfield":"","uniqueid":"1625638180.1826362","linkedid":"1625638180.1826362","sequence":"2404320","peeraccount":"","calltype":"2","recfile":"","tenant":"ombutel","recfile_cloud":null,"charge":"0.00000","chargebuy":"0.00000","cleartext":null,"unit":"0.00000","chargeunit":null}, {"cdr_id":"10485077","calldate":"2021-07-08 03:59:05","clid":"\"0982793013\" <0982793013>","source":"0982793013","src":"0982793013","dst":"7010","destination":"7010","dcontext":"cos-cyber","channel":"SIP\/Systemstone_020268944-000b2af4","dstchannel":"SIP\/7010-000b2af5","lastapp":"Dial","lastdata":"SIP\/7010,30,Ttrb(init-called^s^1(7010))B(update-caller^s^1(7010))U(update-calle","duration":"14","billsec":"1","disposition":"ANSWERED","amaflags":"3","accountcode":"","auth_code":null,"customer_code":null,"pin_code":null,"userfield":"","uniqueid":"1625716745.1841666","linkedid":"1625716745.1841666","sequence":"2424137","peeraccount":"","calltype":"2","recfile":"","tenant":"ombutel","recfile_cloud":null,"charge":"0.00000","chargebuy":"0.00000","cleartext":null,"unit":"0.00000","chargeunit":null}, {"cdr_id":"10498287","calldate":"2021-07-09 04:57:52","clid":"\"0982793013\" <0982793013>","source":"0982793013","src":"0982793013","dst":"7010","destination":"7010","dcontext":"cos-cyber","channel":"SIP\/Systemstone_020268944-000b4cb9","dstchannel":"SIP\/7010-000b4cba","lastapp":"Dial","lastdata":"SIP\/7010,30,Ttrb(init-called^s^1(7010))B(update-caller^s^1(7010))U(update-calle","duration":"72","billsec":"60","disposition":"ANSWERED","amaflags":"3","accountcode":"","auth_code":null,"customer_code":null,"pin_code":null,"userfield":"","uniqueid":"1625806672.1866005","linkedid":"1625806672.1866005","sequence":"2456551","peeraccount":"","calltype":"2","recfile":"","tenant":"ombutel","recfile_cloud":null,"charge":"0.00000","chargebuy":"0.00000","cleartext":null,"unit":"0.00000","chargeunit":null}, {"cdr_id":"10799846","calldate":"2021-08-06 03:48:30","clid":"\"022962000\" <022962000>","source":"022962000","src":"022962000","dst":"7010","destination":"7010","dcontext":"cos-cyber","channel":"SIP\/Systemstone_020268944-000ec204","dstchannel":"SIP\/7010-000ec205","lastapp":"Dial","lastdata":"SIP\/7010,30,Ttrb(init-called^s^1(7010))B(update-caller^s^1(7010))U(update-calle","duration":"11","billsec":"0","disposition":"NO ANSWER","amaflags":"3","accountcode":"","auth_code":null,"customer_code":null,"pin_code":null,"userfield":"","uniqueid":"1628221710.2407844","linkedid":"1628221710.2407844","sequence":"3154593","peeraccount":"","calltype":"2","recfile":"","tenant":"ombutel","recfile_cloud":null,"charge":"0.00000","chargebuy":"0.00000","cleartext":null,"unit":"0.00000","chargeunit":null}, {"cdr_id":"10803492","calldate":"2021-08-06 07:00:35","clid":"\"022962000\" <022962000>","source":"022962000","src":"022962000","dst":"7010","destination":"7010","dcontext":"cos-cyber","channel":"SIP\/Systemstone_020268944-000ecee2","dstchannel":"SIP\/7010-000ecee3","lastapp":"Dial","lastdata":"SIP\/7010,30,Ttrb(init-called^s^1(7010))B(update-caller^s^1(7010))U(update-calle","duration":"31","billsec":"0","disposition":"NO ANSWER","amaflags":"3","accountcode":"","auth_code":null,"customer_code":null,"pin_code":null,"userfield":"","uniqueid":"1628233235.2414404","linkedid":"1628233235.2414404","sequence":"3162910","peeraccount":"","calltype":"2","recfile":"","tenant":"ombutel","recfile_cloud":null,"charge":"0.00000","chargebuy":"0.00000","cleartext":null,"unit":"0.00000","chargeunit":null}, {"cdr_id":"10826347","calldate":"2021-08-09 07:35:16","clid":"\"0858038905\" <0858038905>","source":"0858038905","src":"0858038905","dst":"7010","destination":"7010","dcontext":"cos-cyber","channel":"SIP\/Systemstone_020268944-000f1467","dstchannel":"SIP\/7010-000f1468","lastapp":"Dial","lastdata":"SIP\/7010,30,Ttrb(init-called^s^1(7010))B(update-caller^s^1(7010))U(update-calle","duration":"40","billsec":"30","disposition":"ANSWERED","amaflags":"3","accountcode":"","auth_code":null,"customer_code":null,"pin_code":null,"userfield":"","uniqueid":"1628494516.2455181","linkedid":"1628494516.2455181","sequence":"3215094","peeraccount":"","calltype":"2","recfile":"","tenant":"ombutel","recfile_cloud":null,"charge":"0.00000","chargebuy":"0.00000","cleartext":null,"unit":"0.00000","chargeunit":null}, {"cdr_id":"10848635","calldate":"2021-08-11 03:53:24","clid":"\"024204718\" <024204718>","source":"024204718","src":"024204718","dst":"7010","destination":"7010","dcontext":"cos-cyber","channel":"SIP\/Systemstone_020268944-000f57f3","dstchannel":"SIP\/7010-000f57f4","lastapp":"Dial","lastdata":"SIP\/7010,30,Ttrb(init-called^s^1(7010))B(update-caller^s^1(7010))U(update-calle","duration":"2","billsec":"0","disposition":"BUSY","amaflags":"3","accountcode":"","auth_code":null,"customer_code":null,"pin_code":null,"userfield":"","uniqueid":"1628654004.2495253","linkedid":"1628654004.2495253","sequence":"3267001","peeraccount":"","calltype":"2","recfile":"","tenant":"ombutel","recfile_cloud":null,"charge":"0.00000","chargebuy":"0.00000","cleartext":null,"unit":"0.00000","chargeunit":null}, {"cdr_id":"10849428","calldate":"2021-08-11 04:35:54","clid":"\"022962000\" <022962000>","source":"022962000","src":"022962000","dst":"7010","destination":"7010","dcontext":"cos-cyber","channel":"SIP\/Systemstone_020268944-000f5b5b","dstchannel":"SIP\/7010-000f5b5c","lastapp":"Dial","lastdata":"SIP\/7010,30,Ttrb(init-called^s^1(7010))B(update-caller^s^1(7010))U(update-calle","duration":"6","billsec":"0","disposition":"BUSY","amaflags":"3","accountcode":"","auth_code":null,"customer_code":null,"pin_code":null,"userfield":"","uniqueid":"1628656554.2496621","linkedid":"1628656554.2496621","sequence":"3268626","peeraccount":"","calltype":"2","recfile":"","tenant":"ombutel","recfile_cloud":null,"charge":"0.00000","chargebuy":"0.00000","cleartext":null,"unit":"0.00000","chargeunit":null}, {"cdr_id":"10849447","calldate":"2021-08-11 04:36:17","clid":"\"022962000\" <022962000>","source":"022962000","src":"022962000","dst":"7010","destination":"7010","dcontext":"cos-cyber","channel":"SIP\/Systemstone_020268944-000f5b5e","dstchannel":"SIP\/7010-000f5b60","lastapp":"Dial","lastdata":"SIP\/7010,30,Ttrb(init-called^s^1(7010))B(update-caller^s^1(7010))U(update-calle","duration":"118","billsec":"115","disposition":"ANSWERED","amaflags":"3","accountcode":"","auth_code":null,"customer_code":null,"pin_code":null,"userfield":"","uniqueid":"1628656577.2496624","linkedid":"1628656577.2496624","sequence":"3268631","peeraccount":"","calltype":"2","recfile":"","tenant":"ombutel","recfile_cloud":null,"charge":"0.00000","chargebuy":"0.00000","cleartext":null,"unit":"0.00000","chargeunit":null}, {"cdr_id":"10873395","calldate":"2021-08-13 09:16:31","clid":"\"0844035245\" <0844035245>","source":"0844035245","src":"0844035245","dst":"7010","destination":"7010","dcontext":"cos-cyber","channel":"SIP\/Systemstone_020268944-000fa439","dstchannel":"SIP\/7010-000fa43a","lastapp":"Dial","lastdata":"SIP\/7010,30,Ttrb(init-called^s^1(7010))B(update-caller^s^1(7010))U(update-calle","duration":"81","billsec":"55","disposition":"ANSWERED","amaflags":"3","accountcode":"","auth_code":null,"customer_code":null,"pin_code":null,"userfield":"","uniqueid":"1628846191.2539283","linkedid":"1628846191.2539283","sequence":"3323852","peeraccount":"","calltype":"2","recfile":"","tenant":"ombutel","recfile_cloud":null,"charge":"0.00000","chargebuy":"0.00000","cleartext":null,"unit":"0.00000","chargeunit":null}, {"cdr_id":"10998869","calldate":"2021-08-27 04:14:21","clid":"\"027951000\" <027951000>","source":"027951000","src":"027951000","dst":"7010","destination":"7010","dcontext":"cos-cyber","channel":"SIP\/Systemstone_020268944-0011bdaa","dstchannel":"SIP\/7010-0011bdab","lastapp":"Dial","lastdata":"SIP\/7010,30,Ttrb(init-called^s^1(7010))B(update-caller^s^1(7010))U(update-calle","duration":"81","billsec":"64","disposition":"ANSWERED","amaflags":"3","accountcode":"","auth_code":null,"customer_code":null,"pin_code":null,"userfield":"","uniqueid":"1630037661.2801484","linkedid":"1630037661.2801484","sequence":"3649499","peeraccount":"","calltype":"2","recfile":"","tenant":"ombutel","recfile_cloud":null,"charge":"0.00000","chargebuy":"0.00000","cleartext":null,"unit":"0.00000","chargeunit":null}, {"cdr_id":"11747158","calldate":"2021-11-16 06:48:42","clid":"\"022962000\" <022962000>","source":"022962000","src":"022962000","dst":"7010","destination":"7010","dcontext":"cos-cyber","channel":"SIP\/Systemstone_020268944-0019bb06","dstchannel":"SIP\/7010-0019bb07","lastapp":"Dial","lastdata":"SIP\/7010,30,Ttrb(init-called^s^1(7010))B(update-caller^s^1(7010))U(update-calle","duration":"111","billsec":"98","disposition":"ANSWERED","amaflags":"3","accountcode":"","auth_code":null,"customer_code":null,"pin_code":null,"userfield":"","uniqueid":"1637045322.4185942","linkedid":"1637045322.4185942","sequence":"5489369","peeraccount":"","calltype":"2","recfile":"","tenant":"ombutel","recfile_cloud":null,"charge":"0.00000","chargebuy":"0.00000","cleartext":null,"unit":"0.00000","chargeunit":null}, {"cdr_id":"11757484","calldate":"2021-11-17 09:11:46","clid":"\"022962000\" <022962000>","source":"022962000","src":"022962000","dst":"7010","destination":"7010","dcontext":"cos-cyber","channel":"SIP\/Systemstone_020268944-0019dcdc","dstchannel":"SIP\/7010-0019dcdd","lastapp":"Dial","lastdata":"SIP\/7010,30,Ttrb(init-called^s^1(7010))B(update-caller^s^1(7010))U(update-calle","duration":"71","billsec":"58","disposition":"ANSWERED","amaflags":"3","accountcode":"","auth_code":null,"customer_code":null,"pin_code":null,"userfield":"","uniqueid":"1637140306.4204760","linkedid":"1637140306.4204760","sequence":"5513800","peeraccount":"","calltype":"2","recfile":"","tenant":"ombutel","recfile_cloud":null,"charge":"0.00000","chargebuy":"0.00000","cleartext":null,"unit":"0.00000","chargeunit":null}, {"cdr_id":"12011419","calldate":"2021-12-16 09:53:54","clid":"\"0858038905\" <0858038905>","source":"0858038905","src":"0858038905","dst":"7010","destination":"7010","dcontext":"cos-cyber","channel":"SIP\/Systemstone_020268944-001c6518","dstchannel":"SIP\/7010-001c6519","lastapp":"Dial","lastdata":"SIP\/7010,30,Ttrb(init-called^s^1(7010))B(update-caller^s^1(7010))U(update-calle","duration":"1","billsec":"0","disposition":"NO ANSWER","amaflags":"3","accountcode":"","auth_code":null,"customer_code":null,"pin_code":null,"userfield":"","uniqueid":"1639648434.4685526","linkedid":"1639648434.4685526","sequence":"6157071","peeraccount":"","calltype":"2","recfile":"","tenant":"ombutel","recfile_cloud":null,"charge":"0.00000","chargebuy":"0.00000","cleartext":null,"unit":"0.00000","chargeunit":null}, {"cdr_id":"12015277","calldate":"2021-12-17 03:52:15","clid":"\"0618855064\" <0618855064>","source":"0618855064","src":"0618855064","dst":"7010","destination":"7010","dcontext":"cos-cyber","channel":"SIP\/Systemstone_020268944-001c6f44","dstchannel":"SIP\/7010-001c6f45","lastapp":"Dial","lastdata":"SIP\/7010,30,Ttrb(init-called^s^1(7010))B(update-caller^s^1(7010))U(update-calle","duration":"30","billsec":"0","disposition":"NO ANSWER","amaflags":"3","accountcode":"","auth_code":null,"customer_code":null,"pin_code":null,"userfield":"","uniqueid":"1639713135.4693402","linkedid":"1639713135.4693402","sequence":"6167569","peeraccount":"","calltype":"2","recfile":"","tenant":"ombutel","recfile_cloud":null,"charge":"0.00000","chargebuy":"0.00000","cleartext":null,"unit":"0.00000","chargeunit":null}, {"cdr_id":"12015369","calldate":"2021-12-17 03:54:17","clid":"\"0618855064\" <0618855064>","source":"0618855064","src":"0618855064","dst":"7010","destination":"7010","dcontext":"cos-cyber","channel":"SIP\/Systemstone_020268944-001c6f68","dstchannel":"SIP\/7010-001c6f69","lastapp":"Dial","lastdata":"SIP\/7010,30,Ttrb(init-called^s^1(7010))B(update-caller^s^1(7010))U(update-calle","duration":"30","billsec":"0","disposition":"NO ANSWER","amaflags":"3","accountcode":"","auth_code":null,"customer_code":null,"pin_code":null,"userfield":"","uniqueid":"1639713257.4693582","linkedid":"1639713257.4693582","sequence":"6167824","peeraccount":"","calltype":"2","recfile":"","tenant":"ombutel","recfile_cloud":null,"charge":"0.00000","chargebuy":"0.00000","cleartext":null,"unit":"0.00000","chargeunit":null}, {"cdr_id":"12015679","calldate":"2021-12-17 03:58:43","clid":"\"0618855064\" <0618855064>","source":"0618855064","src":"0618855064","dst":"7010","destination":"7010","dcontext":"cos-cyber","channel":"SIP\/Systemstone_020268944-001c6fbb","dstchannel":"SIP\/7010-001c6fbc","lastapp":"Dial","lastdata":"SIP\/7010,30,Ttrb(init-called^s^1(7010))B(update-caller^s^1(7010))U(update-calle","duration":"119","billsec":"108","disposition":"ANSWERED","amaflags":"3","accountcode":"","auth_code":null,"customer_code":null,"pin_code":null,"userfield":"","uniqueid":"1639713523.4694045","linkedid":"1639713523.4694045","sequence":"6168492","peeraccount":"","calltype":"2","recfile":"","tenant":"ombutel","recfile_cloud":null,"charge":"0.00000","chargebuy":"0.00000","cleartext":null,"unit":"0.00000","chargeunit":null}, {"cdr_id":"12022426","calldate":"2021-12-17 08:57:48","clid":"\"026267000\" <026267000>","source":"026267000","src":"026267000","dst":"7010","destination":"7010","dcontext":"cos-cyber","channel":"SIP\/Systemstone_020268944-001c7d46","dstchannel":"SIP\/7010-001c7d47","lastapp":"Dial","lastdata":"SIP\/7010,30,Ttrb(init-called^s^1(7010))B(update-caller^s^1(7010))U(update-calle","duration":"30","billsec":"0","disposition":"NO ANSWER","amaflags":"3","accountcode":"","auth_code":null,"customer_code":null,"pin_code":null,"userfield":"","uniqueid":"1639731468.4706574","linkedid":"1639731468.4706574","sequence":"6185658","peeraccount":"","calltype":"2","recfile":"","tenant":"ombutel","recfile_cloud":null,"charge":"0.00000","chargebuy":"0.00000","cleartext":null,"unit":"0.00000","chargeunit":null}, {"cdr_id":"12037019","calldate":"2021-12-20 02:01:45","clid":"\"0858038905\" <0858038905>","source":"0858038905","src":"0858038905","dst":"7010","destination":"7010","dcontext":"cos-cyber","channel":"SIP\/Systemstone_020268944-001c992f","dstchannel":"SIP\/7010-001c9930","lastapp":"Dial","lastdata":"SIP\/7010,30,Ttrb(init-called^s^1(7010))B(update-caller^s^1(7010))U(update-calle","duration":"11","billsec":"0","disposition":"NO ANSWER","amaflags":"3","accountcode":"","auth_code":null,"customer_code":null,"pin_code":null,"userfield":"","uniqueid":"1639965705.4734129","linkedid":"1639965705.4734129","sequence":"6223188","peeraccount":"","calltype":"2","recfile":"","tenant":"ombutel","recfile_cloud":null,"charge":"0.00000","chargebuy":"0.00000","cleartext":null,"unit":"0.00000","chargeunit":null}, {"cdr_id":"12037643","calldate":"2021-12-20 02:51:17","clid":"\"0983977278\" <0983977278>","source":"0983977278","src":"0983977278","dst":"7010","destination":"7010","dcontext":"cos-cyber","channel":"SIP\/Systemstone_020268944-001c9b4b","dstchannel":"SIP\/7010-001c9b4d","lastapp":"Dial","lastdata":"SIP\/7010,30,Ttrb(init-called^s^1(7010))B(update-caller^s^1(7010))U(update-calle","duration":"4","billsec":"0","disposition":"NO ANSWER","amaflags":"3","accountcode":"","auth_code":null,"customer_code":null,"pin_code":null,"userfield":"","uniqueid":"1639968677.4735167","linkedid":"1639968677.4735167","sequence":"6224507","peeraccount":"","calltype":"2","recfile":"","tenant":"ombutel","recfile_cloud":null,"charge":"0.00000","chargebuy":"0.00000","cleartext":null,"unit":"0.00000","chargeunit":null}, {"cdr_id":"12038851","calldate":"2021-12-20 04:02:55","clid":"\"026267000\" <026267000>","source":"026267000","src":"026267000","dst":"7010","destination":"7010","dcontext":"cos-cyber","channel":"SIP\/Systemstone_020268944-001c9ff5","dstchannel":"SIP\/7010-001c9ff6","lastapp":"Dial","lastdata":"SIP\/7010,30,Ttrb(init-called^s^1(7010))B(update-caller^s^1(7010))U(update-calle","duration":"24","billsec":"0","disposition":"NO ANSWER","amaflags":"3","accountcode":"","auth_code":null,"customer_code":null,"pin_code":null,"userfield":"","uniqueid":"1639972975.4737373","linkedid":"1639972975.4737373","sequence":"6227292","peeraccount":"","calltype":"2","recfile":"","tenant":"ombutel","recfile_cloud":null,"charge":"0.00000","chargebuy":"0.00000","cleartext":null,"unit":"0.00000","chargeunit":null}, {"cdr_id":"12038855","calldate":"2021-12-20 04:03:29","clid":"\"026267000\" <026267000>","source":"026267000","src":"026267000","dst":"7010","destination":"7010","dcontext":"cos-cyber","channel":"SIP\/Systemstone_020268944-001ca001","dstchannel":"SIP\/7010-001ca002","lastapp":"Dial","lastdata":"SIP\/7010,30,Ttrb(init-called^s^1(7010))B(update-caller^s^1(7010))U(update-calle","duration":"24","billsec":"0","disposition":"NO ANSWER","amaflags":"3","accountcode":"","auth_code":null,"customer_code":null,"pin_code":null,"userfield":"","uniqueid":"1639973009.4737385","linkedid":"1639973009.4737385","sequence":"6227305","peeraccount":"","calltype":"2","recfile":"","tenant":"ombutel","recfile_cloud":null,"charge":"0.00000","chargebuy":"0.00000","cleartext":null,"unit":"0.00000","chargeunit":null}, {"cdr_id":"12039266","calldate":"2021-12-20 04:23:23","clid":"\"026267000\" <026267000>","source":"026267000","src":"026267000","dst":"7010","destination":"7010","dcontext":"cos-cyber","channel":"SIP\/Systemstone_020268944-001ca14d","dstchannel":"SIP\/7010-001ca14e","lastapp":"Dial","lastdata":"SIP\/7010,30,Ttrb(init-called^s^1(7010))B(update-caller^s^1(7010))U(update-calle","duration":"34","billsec":"21","disposition":"ANSWERED","amaflags":"3","accountcode":"","auth_code":null,"customer_code":null,"pin_code":null,"userfield":"","uniqueid":"1639974203.4738293","linkedid":"1639974203.4738293","sequence":"6228501","peeraccount":"","calltype":"2","recfile":"","tenant":"ombutel","recfile_cloud":null,"charge":"0.00000","chargebuy":"0.00000","cleartext":null,"unit":"0.00000","chargeunit":null}]
